{
  "T": {
    "C": 0.16666666666666666,
    "A": 0.25,
    "T": 0.25,
    "G": 0.3333333333333333
  },
  "C": {
    "T": 0.2727272727272727,
    "A": 0.2727272727272727,
    "C": 0.18181818181818182,
    "G": 0.2727272727272727
  },
  "A": {
    "G": 0.36363636363636365,
    "C": 0.2727272727272727,
    "A": 0.2727272727272727,
    "T": 0.09090909090909091
  },
  "G": {
    "T": 0.3333333333333333,
    "G": 0.26666666666666666,
    "A": 0.13333333333333333,
    "C": 0.26666666666666666
  }
}